
INSERT INTO CLIENTS (CLIENT_ID, NAME, EMAIL, CPF, ADDRESS, TOTAL_LOANS)
VALUES (1, 'John Doe', 'john.doe@example.com', '12345678901', '123 Main St, Cityville', 2);

INSERT INTO CLIENTS (CLIENT_ID, NAME, EMAIL, CPF, ADDRESS, TOTAL_LOANS)
VALUES (2, 'Jane Smith', 'jane.smith@example.com', '98765432100', '456 Elm St, Townsville', 1);

INSERT INTO CLIENTS (CLIENT_ID, NAME, EMAIL, CPF, ADDRESS, TOTAL_LOANS)
VALUES (3, 'Alice Johnson', 'alice.johnson@example.com', '13579246810', '789 Oak St, Village', 0);


INSERT INTO TELEPHONES (TELEPHONE_ID, CLIENT_ID, PHONE_NUMBER, PHONE_TYPE)
VALUES (1, 1, '(11) 99999-9999', 'CEL');

INSERT INTO TELEPHONES (TELEPHONE_ID, CLIENT_ID, PHONE_NUMBER, PHONE_TYPE)
VALUES (2, 2, '(21) 88888-8888', 'CEL');

INSERT INTO TELEPHONES (TELEPHONE_ID, CLIENT_ID, PHONE_NUMBER, PHONE_TYPE)
VALUES (3, 3, '(31) 77777-7777', 'CEL');



INSERT INTO AUTHORS (AUTHOR_ID, NAME, NATIONALITY, BIRTH_DATE, DEATH_DATE)
VALUES (1, 'J.R.R. Tolkien', 'British', TO_DATE('1892-01-03', 'YYYY-MM-DD'), TO_DATE('1973-09-02', 'YYYY-MM-DD'));

INSERT INTO AUTHORS (AUTHOR_ID, NAME, NATIONALITY, BIRTH_DATE, DEATH_DATE)
VALUES (2, 'George Orwell', 'British', TO_DATE('1903-06-25', 'YYYY-MM-DD'), TO_DATE('1950-01-21', 'YYYY-MM-DD'));

INSERT INTO AUTHORS (AUTHOR_ID, NAME, NATIONALITY, BIRTH_DATE)
VALUES (3, 'Haruki Murakami', 'Japanese', TO_DATE('1949-01-12', 'YYYY-MM-DD'));




INSERT INTO BOOKS (BOOK_ID, AUTHOR_ID, TITLE, YEAR_PUBLISHED, GENRE, COPIES_AVAILABLE, TOTAL_COPIES, LANGUAGE)
VALUES (1, 1, 'The Lord of the Rings', 1954, 'Fantasy', 3, 5, 'English');

INSERT INTO BOOKS (BOOK_ID, AUTHOR_ID, TITLE, YEAR_PUBLISHED, GENRE, COPIES_AVAILABLE, TOTAL_COPIES, LANGUAGE)
VALUES (2, 2, '1984', 1949, 'Dystopian', 2, 3, 'English');

INSERT INTO BOOKS (BOOK_ID, AUTHOR_ID, TITLE, YEAR_PUBLISHED, GENRE, COPIES_AVAILABLE, TOTAL_COPIES, LANGUAGE)
VALUES (3, 3, 'Norwegian Wood', 1987, 'Romance', 4, 4, 'Japanese');


INSERT INTO PUBLISHERS (PUBLISHER_ID, NAME, DATE_FOUNDATION, COUNTRY, WEBSITE)
VALUES (1, 'Penguin Random House', TO_DATE('1935-07-01', 'YYYY-MM-DD'), 'United Kingdom', 'https://www.penguinrandomhouse.com');

INSERT INTO PUBLISHERS (PUBLISHER_ID, NAME, DATE_FOUNDATION, COUNTRY, WEBSITE)
VALUES (2, 'HarperCollins', TO_DATE('1989-08-01', 'YYYY-MM-DD'), 'United States', 'https://www.harpercollins.com');

INSERT INTO PUBLISHERS (PUBLISHER_ID, NAME, COUNTRY, WEBSITE)
VALUES (3, 'Kodansha', 'Japan', 'https://www.kodansha.com');



INSERT INTO BOOK_PUBLISHERS (BOOK_PUBLISHER_ID, BOOK_ID, PUBLISHER_ID)
VALUES (1, 1, 1);

INSERT INTO BOOK_PUBLISHERS (BOOK_PUBLISHER_ID, BOOK_ID, PUBLISHER_ID)
VALUES (2, 2, 2);

INSERT INTO BOOK_PUBLISHERS (BOOK_PUBLISHER_ID, BOOK_ID, PUBLISHER_ID)
VALUES (3, 3, 3);




INSERT INTO LOANS (LOAN_ID, CLIENT_ID, LOAN_DATE, DUE_DATE, RETURN_DATE, LOAN_STATUS, FINE_AMOUNT, CREATED_AT)
VALUES (1, 1, TO_DATE('2024-11-01', 'YYYY-MM-DD'), TO_DATE('2024-11-08', 'YYYY-MM-DD'), TO_DATE('2024-11-07', 'YYYY-MM-DD'), 'RETURNED', 0, SYSDATE);

INSERT INTO LOANS (LOAN_ID, CLIENT_ID, LOAN_DATE, DUE_DATE, LOAN_STATUS, FINE_AMOUNT, CREATED_AT)
VALUES (2, 1, TO_DATE('2024-11-10', 'YYYY-MM-DD'), TO_DATE('2024-11-17', 'YYYY-MM-DD'), 'LATE', 10, SYSDATE);

INSERT INTO LOANS (LOAN_ID, CLIENT_ID, LOAN_DATE, DUE_DATE, LOAN_STATUS, FINE_AMOUNT, CREATED_AT)
VALUES (3, 2, TO_DATE('2024-11-05', 'YYYY-MM-DD'), TO_DATE('2024-11-12', 'YYYY-MM-DD'), 'OPEN', 0, SYSDATE);


INSERT INTO FINES (FINE_ID, LOAN_ID, FINE_AMOUNT, FINE_DATE, FINE_STATUS)
VALUES (1, 2, 10, SYSDATE, 'PENDING');


INSERT INTO LOAN_BOOKS (LOAN_BOOK_ID, LOAN_ID, BOOK_ID, QUANTITY)
VALUES (1, 1, 1, 1);

INSERT INTO LOAN_BOOKS (LOAN_BOOK_ID, LOAN_ID, BOOK_ID, QUANTITY)
VALUES (2, 2, 2, 1);

INSERT INTO LOAN_BOOKS (LOAN_BOOK_ID, LOAN_ID, BOOK_ID, QUANTITY)
VALUES (3, 3, 3, 1);




